nid,lat,lng,TrickSter,Annu_Mean_Temp,Annu_Prec,hex_index,presence,Norm_Annu_Mean_Temp,Norm_Annu_Prec
103918,68.72,158.7,raven,-13.231119791666666,173.0,8104fffffffffff,1,0.050404921628665,0.0257013007365616
103817,64.95187,64.64844,raven,-4.123443603515625,473.0,81107ffffffffff,1,0.2499754527094357,0.0727158752546622
3926,57.82907,-152.98389,raven,3.2712198893229165,1499.0,810c7ffffffffff,1,0.4120098608221564,0.2335057201065663
2434,51.0,-112.5,raven,3.957417805989584,342.0,8112fffffffffff,1,0.427046065428755,0.0521861777150916
2439,40.0,-103.0,raven,9.747085571289062,395.0,8126bffffffffff,1,0.5539112554983423,0.0604920858799561
2401,58.0,-136.0,raven,3.951761881510417,1900.0,8113bffffffffff,1,0.4269221308675407,0.2963485347124275
2351,52.5,138.0,raven,-3.247675577799479,519.0,8114fffffffffff,1,0.2691655827036391,0.079924776680771
2381,61.5,-152.0,raven,-1.2713165283203125,644.0,810c7ffffffffff,1,0.3124722415003125,0.0995141827299796
2369,60.0,-106.0,raven,-5.6440989176432295,377.0,81137ffffffffff,1,0.2166543307940493,0.05767121140887
2019,-34.0,145.0,raven,17.464752197265625,335.0,81be7ffffffffff,1,0.7230234192854437,0.0510891709763359
2474,46.0,-117.0,raven,8.223836263020834,435.0,8128bffffffffff,1,0.5205332930917516,0.0667606958157028
2341,67.132,156.587,raven,-12.98211669921875,209.0,8104fffffffffff,1,0.0558611629765113,0.0313430496787337
2395,77.5,-68.0,raven,-15.531417846679688,146.0,81037ffffffffff,1,0.0,0.0214699890299326
2420,58.0,-94.0,raven,-5.844579060872396,405.0,810ebffffffffff,1,0.2122613409875555,0.0620592383638928
2361,67.48427,174.6875,raven,-11.451146443684896,286.0,810dbffffffffff,1,0.0894083094333927,0.0434101238050462
2185,25.0,109.0,raven,19.681599934895832,1531.0,81403ffffffffff,0,0.7715997488764806,0.2385206080551637
2389,68.77683,-160.64844,raven,-8.343276977539062,214.0,810d3ffffffffff,1,0.1575090133973037,0.032126625920702
2379,60.5,-129.0,raven,-3.697418212890625,451.0,8113bffffffffff,1,0.2593106675001785,0.0692681397900015
2402,53.0,-132.0,raven,6.8061370849609375,2923.0,8112bffffffffff,1,0.4894681814174613,0.4566682338191506
2354,54.04496,158.0,raven,-3.133539835611979,792.0,81163ffffffffff,1,0.2716665643166318,0.1227080394922426
2382,62.0,-160.0,raven,-1.4669850667317708,444.0,810c3ffffffffff,1,0.3081846852324056,0.0681711330512458
2372,64.0,-142.0,raven,-6.140909830729167,234.0,810d7ffffffffff,1,0.2057680393050881,0.0352609308885754
2020,-14.0,133.0,raven,26.693888346354168,875.0,81947ffffffffff,1,0.9252554227779018,0.1357154051089171
2475,47.6,-124.0,raven,8.0732421875,2696.0,8128fffffffffff,1,0.5172334239474784,0.4210938724337878
2342,43.0,143.0,raven,6.180394490559896,1041.0,812e3ffffffffff,1,0.4757566946117554,0.1617301363422661
2396,65.0,-66.0,raven,-8.733484903971354,604.0,810f3ffffffffff,1,0.1489586431929555,0.0932455727942328
2362,65.0,-173.0,raven,-5.782135009765625,524.0,810dbffffffffff,1,0.2136296364983716,0.0807083529227393
2188,23.0,102.0,raven,17.639628092447918,1280.0,81407ffffffffff,1,0.7268553600081672,0.1991850807083529
2390,69.5,-135.0,raven,-10.349446614583334,193.0,810d7ffffffffff,1,0.1135491347595541,0.028835605704435
2380,62.0,-145.0,raven,-2.7633463541666665,337.0,810c7ffffffffff,1,0.279778371123158,0.0514026014731233
2403,54.5,-129.0,raven,4.1586252848307295,1620.0,8112bffffffffff,1,0.4314549928631748,0.2524682651622003
2355,62.6,178.0,raven,-5.031509399414063,533.0,81177ffffffffff,1,0.230077602873766,0.0821187901582824
2383,62.5,-155.0,raven,-2.5831451416015625,430.0,810c3ffffffffff,1,0.2837270020307658,0.0659771195737345
2373,62.8,-142.0,raven,-4.7641957600911455,302.0,810c7ffffffffff,1,0.2359350712183491,0.0459175677793449
2022,-27.0,117.0,raven,21.819875081380207,226.0,81a73ffffffffff,1,0.8184543688437428,0.0340072089014261
2477,45.5,-124.0,raven,10.183415730794271,2005.0,8128fffffffffff,1,0.5634722719266931,0.3128036357937627
2343,36.0,140.0,raven,14.496668497721354,1281.0,812f7ffffffffff,0,0.6579857490857874,0.1993417959567466
2397,67.0,-53.0,raven,-5.114720662434896,440.0,8106fffffffffff,1,0.2282542490774843,0.0675442720576712
2364,53.61074,-166.44043,raven,3.5623575846354165,1433.0,8122fffffffffff,1,0.4183893700702715,0.2231625137125842
2190,29.0,115.0,raven,14.919219970703123,1589.0,8141bffffffffff,0,0.6672448421990939,0.2476100924619965
2391,68.5,-108.0,raven,-13.12157694498698,133.0,8102fffffffffff,1,0.0528052621366429,0.0194326908008149
2404,51.7,-128.0,raven,8.053532918294271,2769.0,8112bffffffffff,1,0.5168015476662687,0.4325340855665256
2356,63.0,165.0,raven,-8.955169677734375,350.0,81177ffffffffff,1,0.1441010102338518,0.053439899702241
2384,65.6,-154.0,raven,-3.869537353515625,423.0,810c3ffffffffff,1,0.2555391337308527,0.0648801128349788
2374,61.8,-137.5,raven,-4.4833424886067705,239.0,8113bffffffffff,1,0.2420892246366304,0.0360445071305438
2398,66.0,-37.0,raven,-3.4263102213541665,839.0,81063ffffffffff,1,0.265251278994641,0.130073656166745
2346,44.93782,135.15918,raven,-0.5780690511067709,759.0,812efffffffffff,1,0.3276629185006547,0.1175364362952515
2365,60.0,-160.0,raven,-0.5447336832682291,635.0,810cfffffffffff,1,0.3283933745386028,0.0981037454944366
2463,52.0,-124.0,raven,2.4364166259765625,355.0,8112bffffffffff,1,0.3937173647812081,0.0542234759442093
2313,68.06576,70.86719,raven,-7.956110636393229,327.0,810b7ffffffffff,1,0.1659927353394163,0.0498354489891866
2392,68.5,-97.0,raven,-8.688028971354166,126.0,810fbffffffffff,1,0.1499546892123546,0.0183356840620592
2405,51.0,-127.3,raven,8.44482421875,1732.0,8112bffffffffff,1,0.5253756571345906,0.2700203729822912
2357,60.0,165.0,raven,-4.349324544270833,482.0,81177ffffffffff,1,0.2450258718969132,0.0741263124902052
2385,64.5,-147.5,raven,-2.570958455403646,325.0,810d7ffffffffff,1,0.2839940408874828,0.0495220184923993
2375,60.0,-134.0,raven,-0.5200856526692709,291.0,8113bffffffffff,1,0.3289334706569879,0.0441937000470145
2399,59.0,-70.0,raven,-5.122111002604167,406.0,810e3ffffffffff,1,0.2280923094035236,0.0622159536122864
2347,48.0,138.0,raven,-1.1225179036458333,851.0,812efffffffffff,1,0.3157327681085167,0.131954239147469
2366,60.06712,-166.4397,raven,-1.2761383056640625,701.0,810cbffffffffff,1,0.3123665850578385,0.1084469518884187
2467,48.0,-122.0,raven,10.119461059570312,1315.0,8128fffffffffff,1,0.5620708751886463,0.2046701144021313
2329,71.0,83.0,raven,-10.70349629720052,354.0,810b7ffffffffff,1,0.1057910764218175,0.0540667606958157
2393,65.0,-97.0,raven,-12.165720621744793,232.0,810fbffffffffff,1,0.0737503144337956,0.0349475003917881
2406,49.0,-125.5,raven,8.979975382486979,2616.0,8128fffffffffff,1,0.5371020733739411,0.4085566525622943
2358,65.49,151.07,raven,-10.919296264648438,244.0,8104bffffffffff,1,0.1010623933613872,0.0368280833725121
2386,68.45638,-145.65821,raven,-9.960957845052084,148.0,810d7ffffffffff,1,0.1220618342069865,0.0217834195267199
2376,60.0,-132.0,raven,-2.1508687337239585,411.0,8113bffffffffff,1,0.2931991912601168,0.0629995298542548
2400,60.5,-144.0,raven,1.6544392903645833,1781.0,810c7ffffffffff,1,0.3765824086258454,0.2776994201535809
2348,51.0,142.0,raven,0.2725880940755208,618.0,8114fffffffffff,1,0.346302810249611,0.0954395862717442
2367,60.2,-148.0,raven,4.658040364583333,1019.0,810c7ffffffffff,1,0.4423983477472273,0.1582824008776054
2473,46.0,-120.5,raven,8.332977294921875,309.0,8128bffffffffff,1,0.52292482889619,0.0470145745181006
2334,62.0,132.44,raven,-10.71680196126302,279.0,81157ffffffffff,1,0.1054995181375221,0.0423131170662905
2394,69.5,-84.0,raven,-14.066823323567707,220.0,810fbffffffffff,1,0.0320926985937105,0.033066917411064
2407,51.8,-127.0,raven,3.908732096354168,1782.0,8112bffffffffff,1,0.4259792474252093,0.2778561354019746
2360,64.5,170.0,raven,-8.729146321614584,371.0,81177ffffffffff,1,0.1490537117007934,0.056730919918508
2388,65.78996,-165.64845,raven,-5.0566253662109375,388.0,810c3ffffffffff,1,0.2295272531765754,0.0593950791412004
2377,57.5,-129.5,raven,-0.9456634521484376,613.0,8112bffffffffff,1,0.3196080636372765,0.0946560100297759
2079,-9.0,120.0,raven,,,81953ffffffffff,0,,
2106,17.0,121.0,raven,20.264851888020832,2915.0,81697ffffffffff,0,0.7843801661458701,0.4554145118320012
2126,13.0,104.0,raven,27.372477213541668,1218.0,8165bffffffffff,0,0.9401248952769676,0.1894687353079454
2130,19.13001,105.65429,raven,24.303980509440105,1256.0,81417ffffffffff,1,0.8728869408079842,0.1954239147469048
3938,45.6,-122.0,skunk,8.067306518554688,1710.0,8128fffffffffff,1,0.5171033595293696,0.2665726375176304
2407,51.8,-127.0,skunk,3.908732096354168,1782.0,8112bffffffffff,1,0.4259792474252093,0.2778561354019746
2464,52.0,-120.0,skunk,1.4600372314453125,964.0,8112fffffffffff,1,0.3723226038918795,0.1496630622159536
2413,52.5,-95.0,skunk,-0.323974609375,569.0,81273ffffffffff,1,0.3332307232439827,0.0877605391004544
2472,47.11975,-123.53846,skunk,9.940902709960938,1873.0,8128fffffffffff,1,0.5581582432588013,0.2921172230057984
2414,48.0,-89.0,skunk,3.756169637044271,679.0,81277ffffffffff,1,0.422636246378787,0.104999216423758
2476,47.2,-124.0,skunk,9.757064819335938,2530.0,8128fffffffffff,1,0.5541299242115638,0.3950791412004388
2417,47.0,-77.0,skunk,1.999608357747396,921.0,812bbffffffffff,1,0.3841458718701646,0.1429243065350258
2488,46.96637,-123.90088,skunk,10.039688110351562,2025.0,8128fffffffffff,1,0.5603228629061963,0.3159379407616361
2426,45.5,-88.5,skunk,4.972951253255208,753.0,81277ffffffffff,1,0.449298783379439,0.1165961448048895
2429,40.0,-87.5,skunk,11.158620198567707,986.0,81267ffffffffff,1,0.5848412874170643,0.1531107976806143
2457,54.0,-109.0,skunk,0.9536692301432292,404.0,81127ffffffffff,1,0.3612268942010104,0.0619025231154991
2447,42.0,-96.3,mink,9.652272542317707,721.0,81263ffffffffff,1,0.5518336798188503,0.1115812568562921
2404,51.7,-128.0,mink,8.053532918294271,2769.0,8112bffffffffff,1,0.5168015476662687,0.4325340855665256
2468,50.0,-125.0,mink,9.84710693359375,1065.0,8128fffffffffff,1,0.556102957968017,0.1654913023037141
2405,51.0,-127.3,mink,8.44482421875,1732.0,8112bffffffffff,1,0.5253756571345906,0.2700203729822912
2469,49.24446,-123.10225,mink,10.535140991210938,1493.0,8128fffffffffff,1,0.5711793967262329,0.2325654286162043
2407,51.8,-127.0,mink,3.908732096354168,1782.0,8112bffffffffff,1,0.4259792474252093,0.2778561354019746
2414,48.0,-89.0,mink,3.756169637044271,679.0,81277ffffffffff,1,0.422636246378787,0.104999216423758
2426,45.5,-88.5,mink,4.972951253255208,753.0,81277ffffffffff,1,0.449298783379439,0.1165961448048895
2467,48.0,-122.0,mink,10.119461059570312,1315.0,8128fffffffffff,1,0.5620708751886463,0.2046701144021313
104603,53.7,7.2,rabbit,9.220596313476562,687.0,811f3ffffffffff,1,0.5423746419188369,0.1062529384109073
104585,21.17331,92.59766,rabbit,24.5014139811198,,813cfffffffffff,1,0.8772131709002988,
104496,26.5,89.2,rabbit,24.91919453938802,3065.0,813c3ffffffffff,1,0.8863677220905664,0.4789217990910515
104341,53.0,32.0,rabbit,5.996632893880208,576.0,8111bffffffffff,1,0.471730047343671,0.0888575458392101
104327,49.6,34.47,rabbit,7.599909464518229,501.0,811e7ffffffffff,1,0.5068615946298886,0.077103902209685
104275,11.9,18.3,rabbit,28.097666422526043,613.0,816bbffffffffff,1,0.9560154904827284,0.0946560100297759
104268,35.8,69.6,rabbit,0.6442718505859375,958.0,8120bffffffffff,1,0.3544472724755939,0.1487227707255916
104251,38.0,114.0,rabbit,11.691197713216146,501.0,8131bffffffffff,1,0.5965113089729848,0.077103902209685
104242,37.0,102.0,rabbit,1.2230428059895833,462.0,8124bffffffffff,1,0.3671295005827264,0.0709920075223319
104188,32.0,113.1543,rabbit,15.483154296875,980.0,8140bffffffffff,1,0.679601964986926,0.1521705061902523
104161,31.5,120.0,rabbit,15.589497884114584,980.0,8130bffffffffff,1,0.6819322022224186,0.1521705061902523
104136,31.0,106.0,rabbit,17.345204671223957,1065.0,8140fffffffffff,1,0.7204038528045263,0.1654913023037141
104128,43.54218,124.85742,rabbit,4.847493489583333,593.0,81313ffffffffff,1,0.4465497097401307,0.0915217050619025
104060,42.29356,-7.43555,rabbit,9.417556762695312,1247.0,81393ffffffffff,1,0.5466905069804023,0.1940134775113618
104031,15.2,-16.2,rabbit,26.598103841145832,379.0,81543ffffffffff,1,0.923156559777194,0.0579846419056574
103979,35.85,102.48,rabbit,6.385101318359375,430.0,8140fffffffffff,1,0.4802423009833293,0.0659771195737345
103913,34.27688,135.54395,rabbit,13.074640909830729,1728.0,812e7ffffffffff,1,0.6268257918075465,0.2693935119887165
103702,40.0,108.0,rabbit,7.415293375651042,247.0,8124fffffffffff,1,0.5028162234352899,0.0372982291176931
4036,10.5,-5.5,rabbit,27.23406473795573,1106.0,81547ffffffffff,1,0.937091953537468,0.1719166274878545
4003,26.0,101.0,rabbit,15.951019287109377,752.0,81407ffffffffff,1,0.6898539834652125,0.1164394295564958
3990,20.0,86.0,rabbit,26.846822102864586,1422.0,813cbffffffffff,1,0.9286065598162024,0.2214386459802538
3938,45.6,-122.0,rabbit,8.067306518554688,1710.0,8128fffffffffff,1,0.5171033595293696,0.2665726375176304
3925,-17.5316,26.07508,rabbit,21.590245564778645,554.0,81977ffffffffff,1,0.8134226479488327,0.0854098103745494
2710,-8.0,-72.5,rabbit,25.00531005859375,1823.0,818f7ffffffffff,1,0.8882547149466083,0.284281460586115
2510,39.5,-122.5,rabbit,15.83154296875,421.0,81283ffffffffff,1,0.6872359773115049,0.0645666823381915
2598,16.5,-89.8,rabbit,25.143381754557293,2841.0,81453ffffffffff,1,0.8912801894058909,0.4438175834508697
2498,32.8,-91.2,rabbit,17.99304707845052,1287.0,81447ffffffffff,1,0.734599598304905,0.2002820874471086
2579,14.5,-91.7,rabbit,27.6815185546875,1865.0,816d3ffffffffff,1,0.9468967153663364,0.2908635010186491
2437,30.5,-81.5,rabbit,20.54840596516927,1199.0,8144fffffffffff,1,0.7905935005461701,0.1864911455884657
2543,36.0,-108.0,rabbit,9.853413899739584,230.0,8148fffffffffff,1,0.5562411583780041,0.0346340698950007
2619,12.0,-71.62647,rabbit,28.67256164550781,442.0,81677ffffffffff,1,0.968612792208885,0.0678577025544585
2500,32.0,-87.0,rabbit,17.98828125,1290.0,8144fffffffffff,1,0.73449516783381,0.2007522331922896
2581,20.0,-97.0,rabbit,22.628702799479168,1786.0,8149bffffffffff,1,0.8361776798090427,0.2784829963955493
2446,42.5,-98.0,rabbit,9.211985270182293,562.0,81263ffffffffff,1,0.542185953778427,0.0866635323616988
2544,36.5,-104.0,rabbit,9.969940185546877,395.0,8126fffffffffff,1,0.5587945224044597,0.0604920858799561
2623,6.0,-69.0,rabbit,27.65122985839844,2437.0,81667ffffffffff,1,0.9462330190425676,0.3805046230998276
2501,31.5,-85.0,rabbit,18.732437133789062,1231.0,8144fffffffffff,1,0.7508013673370241,0.1915060335370631
2593,16.5,-92.6,rabbit,23.85003662109375,1306.0,816d3ffffffffff,1,0.8629399662991613,0.2032596771665883
2448,41.5,-94.0,rabbit,9.721394856770834,831.0,81263ffffffffff,1,0.5533483117315319,0.1288199341795956
2551,35.5,-107.0,rabbit,11.976852416992188,287.0,8148fffffffffff,1,0.6027706730259659,0.0435668390534399
2632,9.0,-61.5,rabbit,26.29974365234375,1693.0,815f7ffffffffff,1,0.9166187887692552,0.2639084782949381
2502,33.0,-86.0,rabbit,16.916748046875,1320.0,8144fffffffffff,1,0.7110153639847725,0.2054536906440996
2594,17.8,-92.7,rabbit,26.54000345865885,2297.0,816d3ffffffffff,1,0.9218834442261592,0.358564488324714
2574,16.0,-92.0,rabbit,24.192250569661457,1514.0,816d3ffffffffff,1,0.8704386759642848,0.2358564488324714
2691,-7.0,-79.8,rabbit,21.907124837239586,23.0,818f7ffffffffff,1,0.8203662154831938,0.0021940134775113
2504,36.0,-79.5,rabbit,14.692204793294271,1060.0,812abffffffffff,1,0.6622704076031624,0.1647077260617458
2595,15.2,-89.0,rabbit,23.91467793782552,1871.0,81453ffffffffff,1,0.8643564090495856,0.2918037925090111
2577,15.5,-92.5,rabbit,17.942454020182293,1699.0,816d3ffffffffff,1,0.7334909858225327,0.2648487697853001
2698,-17.25693,-68.64844,rabbit,9.234344482421877,338.0,81b33ffffffffff,1,0.54267589652222,0.051559316721517
2505,35.0,-83.5,rabbit,12.755142211914062,1662.0,8144fffffffffff,1,0.6198248265222636,0.2590503055947343
2597,17.2,-91.5,rabbit,25.60286458333333,2249.0,816d3ffffffffff,1,0.9013485350812266,0.3510421564018179
2497,31.4,-91.4,rabbit,18.601572672526043,1415.0,81447ffffffffff,1,0.7479338202817349,0.2203416392414982
2578,15.0,-91.0,rabbit,17.640792846679688,1840.0,816d3ffffffffff,1,0.7268808825032373,0.2869456198088074
2313,68.06576,70.86719,rabbit,-7.956110636393229,327.0,810b7ffffffffff,1,0.1659927353394163,0.0498354489891866
2358,65.49,151.07,rabbit,-10.919296264648438,244.0,8104bffffffffff,1,0.1010623933613872,0.0368280833725121
2343,36.0,140.0,rabbit,14.496668497721354,1281.0,812f7ffffffffff,1,0.6579857490857874,0.1993417959567466
2315,44.08057,96.5332,rabbit,5.648630777994792,44.0,81243ffffffffff,1,0.4641045053668011,0.0054850336937784
2410,46.5,-67.5,rabbit,3.773783365885417,1006.0,812b3ffffffffff,1,0.4230222044592591,0.1562451026484877
2352,53.0,141.5,rabbit,,,8114fffffffffff,1,,
2316,45.62102,108.33984,rabbit,1.6684977213541667,130.0,81247ffffffffff,1,0.3768904617977844,0.0189625450556339
2412,44.5,-70.5,rabbit,5.9993947347005205,1058.0,812bbffffffffff,1,0.4717905657490122,0.1643942955649584
2318,35.43165,103.83721,rabbit,6.579167683919271,456.0,8140fffffffffff,1,0.4844947498890217,0.0700517160319699
2186,19.0,103.0,rabbit,18.903289794921875,1443.0,81417ffffffffff,1,0.7545451495724089,0.2247296661965209
2414,48.0,-89.0,rabbit,3.756169637044271,679.0,81277ffffffffff,1,0.422636246378787,0.104999216423758
2457,54.0,-109.0,rabbit,0.9536692301432292,404.0,81127ffffffffff,1,0.3612268942010104,0.0619025231154991
2319,37.2,100.2,rabbit,0.1983591715494791,382.0,8124bffffffffff,1,0.3446762805856175,0.0584547876508384
2416,44.0,-81.0,rabbit,6.1197560628255205,974.0,812bbffffffffff,1,0.4744279645408953,0.1512302146998903
2464,52.0,-120.0,rabbit,1.4600372314453125,964.0,8112fffffffffff,1,0.3723226038918795,0.1496630622159536
2321,51.0,94.0,rabbit,-6.083079020182292,423.0,81253ffffffffff,1,0.2070352479031152,0.0648801128349788
2195,27.0,102.0,rabbit,17.51941426595052,874.0,81407ffffffffff,1,0.7242211933226465,0.1355586898605234
2427,42.7,-84.0,rabbit,8.197962443033854,728.0,81277ffffffffff,1,0.5199663370549736,0.1126782635950478
2310,62.71935,63.64844,rabbit,-2.343602498372396,504.0,81107ffffffffff,1,0.2889759427636314,0.077574047954866
2324,53.5,90.0,rabbit,-0.9676920572916666,595.0,81253ffffffffff,1,0.3191253652698134,0.0918351355586898
2198,37.72244,127.06055,rabbit,10.74059041341146,1281.0,8130fffffffffff,1,0.5756812750815633,0.1993417959567466
2433,44.0,-89.0,rabbit,7.330815633138019,772.0,81277ffffffffff,1,0.5009651181050673,0.1195737345243692
2276,41.95,47.8,rabbit,4.617935180664063,591.0,812c3ffffffffff,1,0.4415195491724302,0.0912082745651151
1883,33.26013,37.07031,rabbit,17.228897094726562,75.0,812dbffffffffff,1,0.717855281211643,0.0103432063939821
2127,23.0,99.5,rabbit,17.898635864257812,1444.0,81407ffffffffff,1,0.7325308273289527,0.2248863814449146
2163,30.16771,72.08789,rabbit,24.96299743652344,164.0,81427ffffffffff,1,0.8873275462283157,0.0242908635010186
2794,30.54691,88.83594,rabbit,-0.337005615234375,349.0,813c3ffffffffff,1,0.3329451833646383,0.0532831844538473
2118,22.5,105.5,rabbit,21.54457092285156,1622.0,81417ffffffffff,1,0.8124218094958615,0.2527816956589876
2298,41.5,75.0,rabbit,4.948206583658855,250.0,8120fffffffffff,1,0.4487565696741267,0.0377683748628741
2154,21.33032,80.50122,rabbit,25.86473592122396,1494.0,813cbffffffffff,1,0.9070867498462242,0.232722143864598
2277,42.2,47.6,rabbit,6.992543538411458,530.0,812c3ffffffffff,1,0.4935527836961855,0.0816486444131013
2128,22.0,97.0,rabbit,22.53185526529948,1505.0,8164bffffffffff,1,0.8340555233521356,0.2344460115969283
2171,25.27818,80.19727,rabbit,26.38164774576823,942.0,813dbffffffffff,1,0.9184134994160476,0.1462153267512929
2795,35.28575,97.12109,rabbit,-5.089909871419271,324.0,8124bffffffffff,1,0.2287979116580627,0.0493653032440056
2119,15.0,101.0,rabbit,27.480870564778645,1139.0,8164bffffffffff,1,0.9425000476457056,0.1770882306848456
2299,41.0,86.0,rabbit,11.917210896809896,42.0,8120fffffffffff,1,0.6014637875360394,0.005171603196991
2156,25.56227,83.08594,rabbit,26.029307047526043,1015.0,813c3ffffffffff,1,0.9106928889313396,0.1576555398840307
2286,42.0,44.0,rabbit,9.400105794270834,675.0,812c3ffffffffff,1,0.5463081153621235,0.1043723554301833
2796,30.0,97.0,rabbit,-0.6454874674479166,628.0,813c7ffffffffff,1,0.3261856229890586,0.0970067387556809
2130,19.13001,105.65429,rabbit,24.303980509440105,1256.0,81417ffffffffff,1,0.8728869408079842,0.1954239147469048
2172,31.0,77.0,rabbit,17.9903564453125,1350.0,813d3ffffffffff,1,0.7345406402267735,0.2101551480959097
2261,37.8228,67.41211,rabbit,16.835001627604168,194.0,8120bffffffffff,1,0.7092241083482298,0.0289923209528287
2121,13.0,108.5,rabbit,24.550679524739586,1302.0,81693ffffffffff,0,0.8782926944254078,0.2026328161730136
2301,37.0,107.0,rabbit,8.207834879557291,364.0,8124fffffffffff,1,0.5201826652773809,0.0556339131797523
2292,39.26628,33.53027,rabbit,11.107599894205729,372.0,812d3ffffffffff,1,0.5837233129714346,0.0568876351669017
2139,21.4,86.1,rabbit,25.749867757161457,1541.0,813cbffffffffff,1,0.9045697191533618,0.2400877605391004
2263,33.0,67.0,rabbit,4.701772054036458,265.0,81437ffffffffff,1,0.443356611557767,0.0401191035887791
2122,15.75419,107.66162,rabbit,23.41145833333333,2279.0,81417ffffffffff,1,0.8533296881117665,0.3557436138536279
2294,35.0,46.0,rabbit,15.691848754882812,605.0,812cbffffffffff,1,0.6841749496822337,0.0934022880426265
2093,2.3,98.9,rabbit,19.67464192708333,1903.0,81653ffffffffff,1,0.7714472826177207,0.2968186804576085
2147,24.22292,92.44336,rabbit,24.0303955078125,2419.0,813cfffffffffff,1,0.8668920522170187,0.3776837486287416
2194,31.5,103.0,rabbit,4.968327840169271,739.0,8140fffffffffff,1,0.4491974735627631,0.1144021313273781
2268,44.40953,40.78613,rabbit,10.173039754231771,819.0,812d7ffffffffff,1,0.5632449099618756,0.1269393511988716
2124,16.50141,106.26416,rabbit,24.088668823242188,1911.0,81417ffffffffff,1,0.8681689571341336,0.2980724024447578
2296,43.0,60.0,rabbit,11.422210693359377,100.0,8121bffffffffff,1,0.5906171729389776,0.0142610876038238
2116,19.90909,95.26611,rabbit,27.18303934733073,763.0,8164bffffffffff,1,0.9359738676398948,0.1181632972888262
2148,23.0,93.0,rabbit,20.94661458333333,2540.0,813cfffffffffff,1,0.7993191846577036,0.3966462936843755
2274,41.4,47.6,rabbit,4.7559814453125,587.0,812c3ffffffffff,1,0.4445444663719951,0.0905814135715405
2126,13.0,104.0,rabbit,27.372477213541668,1218.0,8165bffffffffff,1,0.9401248952769676,0.1894687353079454
2117,18.0,97.0,rabbit,24.590250651041668,2788.0,8164bffffffffff,1,0.8791597905461335,0.4355116752860053
2297,48.0,69.0,rabbit,5.031626383463542,154.0,81203ffffffffff,1,0.4505844930000935,0.0227237110170819
2153,20.8,84.0,rabbit,27.25689188639323,1402.0,813cbffffffffff,1,0.9375921498600666,0.2183043410123805
2238,58.7,25.0,rabbit,5.5150197347005205,661.0,8108bffffffffff,1,0.4611767742620014,0.1021783419526719
1927,-4.5,35.2,rabbit,18.94183858235677,565.0,8196bffffffffff,1,0.7553898438524833,0.0871336781068798
1914,-3.0,39.9,rabbit,25.191162109375,864.0,817b7ffffffffff,1,0.8923271689634868,0.1339915373765867
2203,39.3,-4.5,rabbit,14.351287841796877,394.0,81393ffffffffff,1,0.6548001181836408,0.0603353706315624
2241,61.41354,23.96777,rabbit,3.924713134765625,562.0,8108bffffffffff,1,0.4263294294318057,0.0866635323616988
2000,21.0,5.0,rabbit,25.68372090657552,33.0,81593ffffffffff,1,0.90312028662765,0.003761165961448
1916,3.0,29.0,rabbit,23.95480855305989,1707.0,816afffffffffff,1,0.8652357648841004,0.2661024917724494
2204,39.0,-8.5,rabbit,16.514078776041668,575.0,81393ffffffffff,1,0.7021919365187562,0.0887008305908164
2016,-3.6,34.8,rabbit,20.74402364095052,604.0,8196bffffffffff,1,0.7948799422946415,0.0932455727942328
1917,9.5,14.0,rabbit,27.38425699869792,926.0,8158fffffffffff,1,0.9403830179782016,0.1437078827769942
2215,46.94026,2.9248,rabbit,10.74462890625,688.0,811fbffffffffff,1,0.5757697679247324,0.106409653659301
2017,-5.3,35.5,rabbit,22.09448750813802,493.0,8196bffffffffff,1,0.8244717707273028,0.0758501802225356
2304,54.0,57.0,rabbit,2.243270874023437,598.0,8110fffffffffff,1,0.3894850886772961,0.0923052813038708
1918,4.5,25.0,rabbit,23.99785868326823,1632.0,816a3ffffffffff,1,0.8661790941342062,0.2543488481429243
2225,42.5,25.0,rabbit,10.767293294270834,552.0,811efffffffffff,1,0.5762663977851378,0.0850963798777621
2309,63.0,55.0,rabbit,-1.1478525797526042,605.0,81107ffffffffff,1,0.3151776259777539,0.0934022880426265
2232,41.30222,19.62646,rabbit,15.405232747395834,935.0,811efffffffffff,1,0.677894521211924,0.1451183200125372
1925,1.0,35.0,rabbit,18.31089274088541,1074.0,817a7ffffffffff,1,0.7415643417085379,0.1669017395392571
1981,8.83297,17.56934,rabbit,27.198689778645832,981.0,816bbffffffffff,1,0.936316805270161,0.152327221438646
2236,56.50132,23.3042,rabbit,6.68157958984375,548.0,811f7ffffffffff,1,0.4867388347721593,0.0844695188841874
1934,-5.0,40.0,rabbit,,,817b7ffffffffff,1,,
2009,12.5,-16.0,rabbit,26.36366271972656,1285.0,8154fffffffffff,1,0.9180194053436972,0.1999686569503212
1948,-11.5,28.0,rabbit,20.74568684895833,880.0,81963ffffffffff,1,0.7949163870801784,0.1364989813508854
1975,7.0,10.0,rabbit,25.31885274251302,1755.0,8158fffffffffff,1,0.8951251700060082,0.2736248236953456
1999,16.5,0.0,rabbit,30.10496012369792,167.0,8159bffffffffff,1,1.0,0.0247610092461996
1942,-2.0,39.0,rabbit,26.30535380045573,636.0,817a7ffffffffff,1,0.9167417202629776,0.0982604607428302
1990,9.8,-13.5,rabbit,27.506266276041668,,8154fffffffffff,1,0.943056527199791,
2790,-23.0,32.0,rabbit,23.618911743164062,333.0,81973ffffffffff,1,0.857875478532851,0.0507757404795486
1969,5.0,10.0,rabbit,24.61266581217448,2572.0,8158fffffffffff,1,0.8796509592613054,0.4016611816329729
1935,-3.0,33.0,rabbit,23.05014038085937,774.0,8196bffffffffff,1,0.8454123649467142,0.1198871650211565
2010,12.5,-13.5,rabbit,27.412195841471355,1300.0,8154fffffffffff,1,0.9409952235040558,0.2023193856762263
1895,-12.0,44.0,rabbit,,,81a33ffffffffff,0,,
1953,-6.5,14.0,rabbit,23.559468587239586,982.0,8183bffffffffff,0,0.8565729396687224,0.1524839366870396
1976,5.5,8.0,rabbit,26.452840169270832,2249.0,8158fffffffffff,1,0.9199734922697488,0.3510421564018179
1928,-12.5,37.5,rabbit,25.692515055338543,904.0,8197bffffffffff,1,0.9033129870380276,0.1402601473123335
1943,-9.0,37.0,rabbit,24.21527608235677,1050.0,8196bffffffffff,1,0.8709432189126813,0.1631405735778091
1972,2.0,17.0,rabbit,24.99693298339844,1630.0,8182bffffffffff,0,0.8880711535956012,0.2540354176461369
1991,14.4,-12.2,rabbit,28.8417460123698,622.0,81543ffffffffff,1,0.9723200182067896,0.0960664472653189
2792,8.0,-9.0,rabbit,24.42371114095052,1934.0,8175bffffffffff,1,0.8755105195588686,0.3016768531578122
1936,-5.0,33.0,rabbit,23.122772216796875,774.0,8196bffffffffff,1,0.8470038987004368,0.1198871650211565
1902,7.5,33.5,rabbit,27.123621622721355,969.0,816a7ffffffffff,1,0.934671886035484,0.1504466384579219
1961,-13.5,17.5,rabbit,19.57781473795573,893.0,81967ffffffffff,1,0.769325571968588,0.1385362795800031
1977,12.0,7.0,rabbit,25.94770812988281,853.0,81583ffffffffff,1,0.9089048654011594,0.1322676696442563
2001,13.0,-0.5,rabbit,28.181121826171875,626.0,8159bffffffffff,1,0.9578441939722998,0.0966933082588935
1929,-18.0,31.0,rabbit,18.45092264811198,599.0,81973ffffffffff,1,0.7446327251660829,0.0924619965522645
1944,-9.0,33.0,rabbit,18.757975260416668,1016.0,8196bffffffffff,1,0.7513609675455284,0.1578122551324244
1993,11.5,-4.5,rabbit,27.97381083170573,925.0,81547ffffffffff,1,0.9533015242056346,0.1435511675286005
1937,-5.0,34.8,rabbit,20.315338134765625,504.0,8196bffffffffff,1,0.7854864381374285,0.077574047954866
1903,5.5,31.0,rabbit,27.098302205403645,1005.0,816a7ffffffffff,1,0.9341170782605516,0.156088387400094
1962,-12.43443,22.06055,rabbit,19.9705810546875,974.0,81967ffffffffff,1,0.7779320025005357,0.1512302146998903
1978,10.3,10.8,rabbit,26.7377421061198,925.0,8158fffffffffff,1,0.9262163614350865,0.1435511675286005
2002,11.0,-4.0,rabbit,27.48986307779948,981.0,81753ffffffffff,1,0.942697094681881,0.152327221438646
1931,-15.5,27.0,rabbit,21.197723388671875,625.0,81963ffffffffff,1,0.8048215671101747,0.0965365930104999
1945,0.0,31.5,rabbit,21.361729939778645,911.0,816afffffffffff,1,0.8084153350295574,0.1413571540510891
1995,6.0,-8.0,rabbit,25.545318603515625,2039.0,8175bffffffffff,1,0.9000875677920377,0.3181319542391475
1939,-4.0,38.0,rabbit,22.635548909505207,632.0,817b7ffffffffff,1,0.8363276941250447,0.0976335997492556
1979,10.73487,13.04395,rabbit,26.51670837402344,824.0,81587ffffffffff,1,0.9213729943247556,0.12772292744084
1906,11.0,35.0,rabbit,26.620859781901043,1070.0,8152bffffffffff,1,0.9236551957725831,0.1662748785456825
1963,-15.0,22.5,rabbit,21.80525716145833,746.0,81967ffffffffff,1,0.8181340559580145,0.1154991380661338
2003,10.5,-3.4,rabbit,27.11263020833333,1007.0,81753ffffffffff,1,0.934431038385498,0.1564018178968813
1932,-15.0,34.0,rabbit,22.1791483561198,736.0,8197bffffffffff,1,0.8263268883274931,0.1139319855821971
1946,-3.0,29.0,rabbit,21.80039469401041,1093.0,816afffffffffff,1,0.8180275078999921,0.1698793292587369
1996,7.0,2.0,rabbit,27.13537089029948,984.0,8158bffffffffff,1,0.9349293400250568,0.152797367183827
1940,-1.0,37.0,rabbit,20.06687418619792,798.0,817a7ffffffffff,1,0.7800420106955972,0.1236483309826046
1909,2.7,32.5,rabbit,23.51385498046875,1349.0,816afffffffffff,1,0.8555734386390736,0.209998432847516
1965,-28.5,30.5,rabbit,17.93310038248698,639.0,81bcfffffffffff,1,0.7332860256983663,0.0987306064880112
2004,15.0,-4.0,rabbit,27.77820332845052,378.0,8159bffffffffff,1,0.94901530536105,0.0578279266572637
1933,-16.7,33.0,rabbit,24.56415303548177,446.0,81973ffffffffff,1,0.8785879306238398,0.0684845635480332
1947,-7.0,26.0,rabbit,22.653101603190105,1032.0,8196fffffffffff,1,0.8367123147821945,0.160319699106723
1997,6.0,1.0,rabbit,27.0258280436198,893.0,8158bffffffffff,1,0.9325289995170788,0.1385362795800031
1926,-5.0,37.0,rabbit,20.820180257161457,592.0,8196bffffffffff,1,0.796548712245236,0.0913649898135088
1941,-7.0,38.0,rabbit,26.50958760579427,1205.0,817b7ffffffffff,1,0.9212169616038022,0.1874314370788277
1989,13.0,-8.0,rabbit,27.37410481770833,831.0,81547ffffffffff,1,0.9401605598988996,0.1288199341795956
1910,-0.2,34.6,rabbit,22.638941446940105,1118.0,817a7ffffffffff,1,0.8364020325713847,0.1737972104685786
1967,-27.5,26.5,rabbit,17.451492309570312,486.0,81bcfffffffffff,1,0.72273286406864,0.0747531734837799
3938,45.6,-122.0,owl,8.067306518554688,1710.0,8128fffffffffff,1,0.5171033595293696,0.2665726375176304
2723,-11.0,-61.0,owl,24.665191650390625,1668.0,818a3ffffffffff,1,0.8808019234822223,0.2599905970850963
2724,-11.0,-58.0,owl,25.143483479817707,1634.0,818bbffffffffff,1,0.8912824184447615,0.2546622786397116
2553,30.0,-100.0,owl,18.161336263020832,652.0,8148bffffffffff,1,0.7382872087607467,0.1007679047171289
2554,32.6,-116.5,owl,15.422561645507812,295.0,81487ffffffffff,1,0.6782742379835579,0.0448205610405892
2561,32.0,-113.0,owl,21.62060546875,171.0,81487ffffffffff,1,0.8140879045998111,0.0253878702397743
2631,2.0,-64.5,owl,24.40804036458333,2472.0,818afffffffffff,1,0.875167136120828,0.385989656793606
2495,33.0,-95.0,owl,17.689051310221355,1058.0,81447ffffffffff,1,0.727938338543526,0.1643942955649584
2500,32.0,-87.0,owl,17.98828125,1290.0,8144fffffffffff,1,0.73449516783381,0.2007522331922896
2391,68.5,-108.0,owl,-13.12157694498698,133.0,8102fffffffffff,1,0.0528052621366429,0.0194326908008149
2393,65.0,-97.0,owl,-12.165720621744793,232.0,810fbffffffffff,1,0.0737503144337956,0.0349475003917881
2430,44.0,-79.0,owl,7.4789377848307295,817.0,812bbffffffffff,1,0.5042108216047809,0.1266259207020843
2431,42.7,-76.0,owl,6.742329915364583,1002.0,812bbffffffffff,1,0.4880700167857771,0.155618241654913
2476,47.2,-124.0,owl,9.757064819335938,2530.0,8128fffffffffff,1,0.5541299242115638,0.3950791412004388
2762,-26.0,-59.0,hawk,22.065750122070312,1037.0,81a97ffffffffff,1,0.8238420672463133,0.1611032753486914
2770,-49.76991,-70.80469,hawk,6.648976643880208,138.0,81cfbffffffffff,1,0.4860244278140807,0.0202162670427832
2539,34.7,-117.0,hawk,16.607564290364582,169.0,8129bffffffffff,1,0.7042404232409845,0.0250744397429869
2554,32.6,-116.5,hawk,15.422561645507812,295.0,81487ffffffffff,1,0.6782742379835579,0.0448205610405892
2558,33.0,-114.6,hawk,23.918370564778645,85.0,8129bffffffffff,1,0.8644373231605942,0.0119103588779188
2561,32.0,-113.0,hawk,21.62060546875,171.0,81487ffffffffff,1,0.8140879045998111,0.0253878702397743
2517,40.68373,-121.45581,hawk,8.832560221354166,658.0,81283ffffffffff,1,0.5338718616943793,0.1017081962074909
2392,68.5,-97.0,hawk,-8.688028971354166,126.0,810fbffffffffff,1,0.1499546892123546,0.0183356840620592
2399,59.0,-70.0,hawk,-5.122111002604167,406.0,810e3ffffffffff,1,0.2280923094035236,0.0622159536122864
2426,45.5,-88.5,hawk,4.972951253255208,753.0,81277ffffffffff,1,0.449298783379439,0.1165961448048895
2492,43.5,-122.0,hawk,5.2421417236328125,763.0,81283ffffffffff,1,0.4551973774911877,0.1181632972888262
1918,4.5,25.0,hawk,23.99785868326823,1632.0,816a3ffffffffff,1,0.8661790941342062,0.2543488481429243
1945,0.0,31.5,hawk,21.361729939778645,911.0,816afffffffffff,1,0.8084153350295574,0.1413571540510891
2439,40.0,-103.0,water bird,9.747085571289062,395.0,8126bffffffffff,-1,0.5539112554983423,0.0604920858799561
2441,44.68842,-94.08203,water bird,6.794774373372396,708.0,81263ffffffffff,-1,0.4892191977755975,0.1095439586271744
2456,50.0,-109.0,water bird,4.228566487630208,401.0,8127bffffffffff,-1,0.4329875685387657,0.0614323773703181
2410,46.5,-67.5,water bird,3.773783365885417,1006.0,812b3ffffffffff,-1,0.4230222044592591,0.1562451026484877
2428,44.5,-85.0,water bird,6.3498891194661455,733.0,81277ffffffffff,-1,0.4794707191782157,0.1134618398370161
2411,45.32433,-63.26367,water bird,5.843210856119792,1150.0,812b3ffffffffff,-1,0.4683682109187908,0.178812098417176
2414,48.0,-89.0,water bird,3.756169637044271,679.0,81277ffffffffff,-1,0.422636246378787,0.104999216423758
2415,46.15423,-81.18653,water bird,4.6380259195963545,836.0,812bbffffffffff,-1,0.4419597843494054,0.129603510421564
2418,53.0,-90.0,water bird,-1.5830790201822915,640.0,810efffffffffff,-1,0.3056407946211508,0.0988873217364049
2457,54.0,-109.0,water bird,0.9536692301432292,404.0,81127ffffffffff,-1,0.3612268942010104,0.0619025231154991
2421,54.0,-84.0,water bird,-3.294881184895833,535.0,810efffffffffff,-1,0.268131197215663,0.0824322206550697
2426,45.5,-88.5,water bird,4.972951253255208,753.0,81277ffffffffff,-1,0.449298783379439,0.1165961448048895
3927,30.5,-89.0,opossum,19.78612263997396,1477.0,81447ffffffffff,1,0.7738900863161867,0.2300579846419056
2689,-3.0,-45.0,opossum,26.917683919270832,1606.0,81803ffffffffff,1,0.9301593082935736,0.2502742516846889
2673,1.0,-69.5,opossum,25.53441874186198,3144.0,81667ffffffffff,1,0.8998487262770359,0.4913023037141514
2690,-3.0,-48.0,opossum,26.196919759114586,1749.0,81807ffffffffff,1,0.9143656762786908,0.2726845322049835
2675,-2.0,-73.0,opossum,26.047536214192707,2616.0,818a7ffffffffff,1,0.9110923326969796,0.4085566525622943
2724,-11.0,-58.0,opossum,25.143483479817707,1634.0,818bbffffffffff,1,0.8912824184447615,0.2546622786397116
2682,-3.5,-57.0,opossum,26.84662373860677,1972.0,818abffffffffff,1,0.928602213190404,0.3076320325967717
2659,-3.0,-77.0,opossum,26.048624674479168,2357.0,818f7ffffffffff,1,0.911116183412897,0.3679674032283341
2737,-10.5,-50.5,opossum,26.59088643391927,1456.0,81817ffffffffff,1,0.9229984094693136,0.2267669644256386
2684,-4.5,-54.0,opossum,25.382476806640625,1478.0,818abffffffffff,1,0.8965193223677251,0.2302146998902993
2664,0.2,-70.4,opossum,25.671778361002605,2936.0,818a7ffffffffff,1,0.9028585974642231,0.4587055320482683
2798,-3.0,-62.0,opossum,26.495412190755207,2373.0,818afffffffffff,1,0.9209063450371616,0.3704748472026328
2685,-2.0,-53.0,opossum,26.11993916829427,1678.0,818abffffffffff,1,0.9126788511132432,0.261557749569033
2665,0.3,-70.0,opossum,25.643280029296875,2989.0,818a7ffffffffff,1,0.9022341322245796,0.4670114402131327
2688,-23.0,-42.2,opossum,,,81a8bffffffffff,1,,
2666,-0.2,-69.0,opossum,25.54160563151041,3063.0,818a7ffffffffff,1,0.9000062078732548,0.4786083685942642
2505,35.0,-83.5,opossum,12.755142211914062,1662.0,8144fffffffffff,1,0.6198248265222636,0.2590503055947343
2647,3.0,-54.0,opossum,25.63335673014323,2179.0,815f3ffffffffff,1,0.902016689482737,0.3400720890142611
2620,5.0,-69.0,opossum,27.524673461914062,2774.0,81667ffffffffff,1,0.943459871783455,0.4333176618084939
2654,-2.0,-76.0,opossum,25.570078531901043,2975.0,8166fffffffffff,1,0.9006301158531808,0.4648174267356214
2630,4.3,-64.5,opossum,24.337565104166668,2871.0,815f7ffffffffff,1,0.8736228579911657,0.4485190409026798
2631,2.0,-64.5,opossum,24.40804036458333,2472.0,818afffffffffff,1,0.875167136120828,0.385989656793606
2633,3.0,-59.0,opossum,26.64881896972656,1598.0,815f3ffffffffff,1,0.9242678471062116,0.2490205296975395
2634,4.5,-59.6,opossum,24.64928690592448,1811.0,815f3ffffffffff,1,0.880453413254779,0.282400877605391
2645,5.0,-59.0,opossum,26.315170288085938,1977.0,815f3ffffffffff,1,0.9169568225140058,0.30841560883874
2523,36.5,-118.0,rat,15.649703979492188,129.0,8129bffffffffff,1,0.6832514588780778,0.0188058298072402
2531,40.0,-115.0,rat,6.926442464192708,300.0,8129bffffffffff,1,0.4921043542379656,0.0456041372825575
2535,39.0,-109.0,rat,7.65191650390625,365.0,8126bffffffffff,1,0.5080011907525647,0.055790628428146
2536,37.0,-114.0,rat,17.962514241536457,173.0,8129bffffffffff,1,0.7339305522878463,0.0257013007365616
2069,9.97,139.67,rat,28.62500508626302,2451.0,81737ffffffffff,1,0.9675707165368044,0.382698636577339
2072,6.3,159.0,rat,,,81777ffffffffff,1,,
2073,9.0,168.0,rat,,,815b7ffffffffff,0,,
2049,-19.1,-169.2,rat,,,819bbffffffffff,1,,
2050,-13.0,178.0,rat,,,819a7ffffffffff,0,,
2064,-7.5,173.8,rat,,,817f3ffffffffff,0,,
1930,-20.5,-174.0,rat,,,819b3ffffffffff,0,,
2163,30.16771,72.08789,rat,24.96299743652344,164.0,81427ffffffffff,1,0.8873275462283157,0.0242908635010186
2164,25.0828,69.02734,rat,26.98199462890625,204.0,8142fffffffffff,1,0.931568506667668,0.0305594734367654
2062,2.62701,154.81934,rat,,,81773ffffffffff,0,,
1925,1.0,35.0,rat,18.31089274088541,1074.0,817a7ffffffffff,1,0.7415643417085379,0.1669017395392571
1971,3.0,12.0,rat,23.494272867838543,1591.0,8182bffffffffff,1,0.8551443486564524,0.2479235229587839
1973,-1.50276,12.04102,rat,22.7858378092448,1763.0,8182bffffffffff,1,0.8396208761527056,0.2748785456824949
104299,60.257,90.195,mouse,-2.567316691080729,525.0,810bbffffffffff,1,0.2840738404790561,0.080865068171133
103817,64.95187,64.64844,mouse,-4.123443603515625,473.0,81107ffffffffff,1,0.2499754527094357,0.0727158752546622
2531,40.0,-115.0,mouse,6.926442464192708,300.0,8129bffffffffff,1,0.4921043542379656,0.0456041372825575
2382,62.0,-160.0,mouse,-1.4669850667317708,444.0,810c3ffffffffff,0,0.3081846852324056,0.0681711330512458
2383,62.5,-155.0,mouse,-2.5831451416015625,430.0,810c3ffffffffff,0,0.2837270020307658,0.0659771195737345
2310,62.71935,63.64844,mouse,-2.343602498372396,504.0,81107ffffffffff,1,0.2889759427636314,0.077574047954866
2313,68.06576,70.86719,mouse,-7.956110636393229,327.0,810b7ffffffffff,1,0.1659927353394163,0.0498354489891866
2329,71.0,83.0,mouse,-10.70349629720052,354.0,810b7ffffffffff,1,0.1057910764218175,0.0540667606958157
2333,63.19,87.79,mouse,-4.399581909179688,545.0,810a3ffffffffff,0,0.2439246152428142,0.0839993731390064
2081,-9.0,122.0,mouse,,,81943ffffffffff,1,,
2293,40.34654,48.74414,mouse,13.070297241210938,406.0,812c3ffffffffff,1,0.626730611847765,0.0622159536122864
2309,63.0,55.0,mouse,-1.1478525797526042,605.0,81107ffffffffff,1,0.3151776259777539,0.0934022880426265
104031,15.2,-16.2,ground squirrel,26.598103841145832,379.0,81543ffffffffff,1,0.923156559777194,0.0579846419056574
1913,6.78681,46.6875,ground squirrel,27.284266153971355,188.0,817abffffffffff,0,0.938191984220188,0.0280520294624667
1917,9.5,14.0,ground squirrel,27.38425699869792,926.0,8158fffffffffff,1,0.9403830179782016,0.1437078827769942
1977,12.0,7.0,ground squirrel,25.94770812988281,853.0,81583ffffffffff,1,0.9089048654011594,0.1322676696442563
1979,10.73487,13.04395,ground squirrel,26.51670837402344,824.0,81587ffffffffff,1,0.9213729943247556,0.12772292744084
2008,13.5,-13.0,ground squirrel,27.926686604817707,827.0,81543ffffffffff,1,0.9522689219487548,0.128193073186021
104684,-7.0,107.0,monkey,19.314666748046875,2821.0,818c3ffffffffff,-1,0.7635593827657624,0.4406832784829964
104486,51.435,110.454,monkey,-3.2471923828125,368.0,81257ffffffffff,-1,0.2691761706382752,0.056260774173327
104341,53.0,32.0,monkey,5.996632893880208,576.0,8111bffffffffff,-1,0.471730047343671,0.0888575458392101
2758,-21.0,-59.0,monkey,25.493479410807293,708.0,81a87ffffffffff,-1,0.8989516495834985,0.1095439586271744
2632,9.0,-61.5,monkey,26.29974365234375,1693.0,815f7ffffffffff,-1,0.9166187887692552,0.2639084782949381
2633,3.0,-59.0,monkey,26.64881896972656,1598.0,815f3ffffffffff,-1,0.9242678471062116,0.2490205296975395
2316,45.62102,108.33984,monkey,1.6684977213541667,130.0,81247ffffffffff,-1,0.3768904617977844,0.0189625450556339
2343,36.0,140.0,monkey,14.496668497721354,1281.0,812f7ffffffffff,-1,0.6579857490857874,0.1993417959567466
2314,53.159,103.775,monkey,-0.429931640625,415.0,81257ffffffffff,-1,0.330908956356199,0.0636263908478294
2103,5.0,117.0,monkey,24.36825561523437,2196.0,81683ffffffffff,-1,0.8742953590184739,0.3427362482369535
2160,12.0,79.0,monkey,28.513025919596355,1002.0,8161bffffffffff,-1,0.965116990547872,0.155618241654913
2082,3.6,125.5,monkey,25.37958272298177,2364.0,8168fffffffffff,-1,0.8964559062118519,0.3690644099670898
2136,22.56089,85.5417,monkey,25.476877848307293,1304.0,813cbffffffffff,-1,0.8985878704397905,0.2029462466698009
2301,37.0,107.0,monkey,8.207834879557291,364.0,8124fffffffffff,-1,0.5201826652773809,0.0556339131797523
2106,17.0,121.0,monkey,20.264851888020832,2915.0,81697ffffffffff,-1,0.7843801661458701,0.4554145118320012
2174,25.0,91.0,monkey,24.92147827148437,2796.0,813cfffffffffff,-1,0.886417764013215,0.4367653972731546
2083,1.42368,127.91602,monkey,26.38306172688802,2028.0,8173bffffffffff,-1,0.918444483056351,0.3164080865068171
2145,25.76428,94.76807,monkey,19.275543212890625,2035.0,813cfffffffffff,-1,0.7627020944160681,0.3175050932455728
2107,14.0,120.7,monkey,27.06821695963541,2035.0,81697ffffffffff,-1,0.933457840014524,0.3175050932455728
2180,7.5,80.5,monkey,24.77965799967448,2030.0,81613ffffffffff,-1,0.8833101494715451,0.3167215170036044
2086,-2.38545,120.68164,monkey,23.578140258789062,2386.0,81953ffffffffff,-1,0.8569820797534504,0.3725121454317505
2147,24.22292,92.44336,monkey,24.0303955078125,2419.0,813cfffffffffff,-1,0.8668920522170187,0.3776837486287416
2109,12.0,122.5,monkey,,,81687ffffffffff,-1,,
2196,27.1,83.7,monkey,24.763458251953125,1352.0,813c3ffffffffff,-1,0.8829551750313764,0.210468578592697
2088,1.12786,124.55933,monkey,24.891128540039062,2065.0,8168fffffffffff,-1,0.8857527302661238,0.3222065506973828
2148,23.0,93.0,monkey,20.94661458333333,2540.0,813cfffffffffff,-1,0.7993191846577036,0.3966462936843755
2110,8.0,125.0,monkey,25.82129414876302,2453.0,81687ffffffffff,-1,0.906134838796466,0.3830120670741263
2197,27.2,87.0,monkey,17.02471923828125,1774.0,813c3ffffffffff,-1,0.7133812658421971,0.2766024134148253
2096,5.3,95.6,monkey,24.49860127766927,2369.0,81657ffffffffff,-1,0.877151537975522,0.3698479862090581
2151,26.3,93.0,monkey,23.904708862304688,1660.0,813cfffffffffff,-1,0.8641379632402512,0.258736875097947
2126,13.0,104.0,monkey,27.372477213541668,1218.0,8165bffffffffff,-1,0.9401248952769676,0.1894687353079454
2794,30.54691,88.83594,monkey,-0.337005615234375,349.0,813c3ffffffffff,-1,0.3329451833646383,0.0532831844538473
2100,-2.5,99.5,monkey,,,818cfffffffffff,-1,,
2156,25.56227,83.08594,monkey,26.029307047526043,1015.0,813c3ffffffffff,-1,0.9106928889313396,0.1576555398840307
2074,-9.0,125.5,monkey,24.730880737304688,1649.0,81943ffffffffff,-1,0.8822413253330156,0.2570130073656166
2130,19.13001,105.65429,monkey,24.303980509440105,1256.0,81417ffffffffff,-1,0.8728869408079842,0.1954239147469048
2294,35.0,46.0,monkey,15.691848754882812,605.0,812cbffffffffff,-1,0.6841749496822337,0.0934022880426265
1887,31.5336,-5.84473,monkey,10.210835774739584,243.0,8139bffffffffff,-1,0.5640731093543065,0.0366713681241184
1893,34.93016,9.45069,monkey,19.39812723795573,218.0,81387ffffffffff,-1,0.7653881977072775,0.0327534869142767
1920,15.0,39.0,monkey,20.63116455078125,621.0,8152bffffffffff,-1,0.7924069351194769,0.0959097320169252
1921,11.5,38.0,monkey,17.689748128255207,1128.0,8152bffffffffff,-1,0.7279536074597904,0.1753643629525152
2250,48.905,24.71,monkey,7.663309733072917,655.0,811e7ffffffffff,-1,0.5082508431060898,0.1012380504623099
1924,6.0,38.0,monkey,21.00239562988281,889.0,817afffffffffff,-1,0.8005414781224849,0.1379094185864284
1943,-9.0,37.0,monkey,24.21527608235677,1050.0,8196bffffffffff,-1,0.8709432189126813,0.1631405735778091
1948,-11.5,28.0,monkey,20.74568684895833,880.0,81963ffffffffff,-1,0.7949163870801784,0.1364989813508854
1897,19.35011,30.61523,monkey,27.374440511067707,9.0,813efffffffffff,-1,0.9401679157271732,0.0
1951,-3.4,18.0,monkey,25.462900797526043,1400.0,8183bffffffffff,-1,0.8982816004989481,0.2179909105155931
1954,2.0,19.0,monkey,25.03985595703125,1646.0,816abffffffffff,-1,0.8890116965471184,0.2565428616204356
1961,-13.5,17.5,monkey,19.57781473795573,893.0,81967ffffffffff,-1,0.769325571968588,0.1385362795800031
1939,-4.0,38.0,monkey,22.635548909505207,632.0,817b7ffffffffff,-1,0.8363276941250447,0.0976335997492556
2459,50.0,-104.5,spider,3.852147420247396,399.0,8127bffffffffff,1,0.424739344553349,0.0611189468735308
2441,44.68842,-94.08203,spider,6.794774373372396,708.0,81263ffffffffff,1,0.4892191977755975,0.1095439586271744
2446,42.5,-98.0,spider,9.211985270182293,562.0,81263ffffffffff,1,0.542185953778427,0.0866635323616988
2447,42.0,-96.3,spider,9.652272542317707,721.0,81263ffffffffff,1,0.5518336798188503,0.1115812568562921
2448,41.5,-94.0,spider,9.721394856770834,831.0,81263ffffffffff,1,0.5533483117315319,0.1288199341795956
1918,4.5,25.0,spider,23.99785868326823,1632.0,816a3ffffffffff,1,0.8661790941342062,0.2543488481429243
1981,8.83297,17.56934,spider,27.198689778645832,981.0,816bbffffffffff,1,0.936316805270161,0.152327221438646
1910,-0.2,34.6,spider,22.638941446940105,1118.0,817a7ffffffffff,1,0.8364020325713847,0.1737972104685786
2012,9.5,-11.8,spider,25.771728515625,2481.0,8154fffffffffff,1,0.9050487396066882,0.387400094029149
1997,6.0,1.0,spider,27.0258280436198,893.0,8158bffffffffff,1,0.9325289995170788,0.1385362795800031
2791,7.0,-11.5,spider,26.393381754557293,3996.0,8175bffffffffff,1,0.9186706190497896,0.6248236953455572
2013,7.4,-10.7,spider,25.453776041666668,2769.0,8175bffffffffff,1,0.8980816557122409,0.4325340855665256
2001,13.0,-0.5,spider,28.181121826171875,626.0,8159bffffffffff,1,0.9578441939722998,0.0966933082588935
2792,8.0,-9.0,spider,24.42371114095052,1934.0,8175bffffffffff,1,0.8755105195588686,0.3016768531578122
1976,5.5,8.0,spider,26.452840169270832,2249.0,8158fffffffffff,1,0.9199734922697488,0.3510421564018179
2005,6.5,-1.5,spider,25.30841064453125,1353.0,81753ffffffffff,1,0.8948963591659248,0.2106252938410907
2793,8.0,-12.0,spider,26.61358133951823,2504.0,8175bffffffffff,1,0.9234957080413804,0.3910045447422034
1977,12.0,7.0,spider,25.94770812988281,853.0,81583ffffffffff,1,0.9089048654011594,0.1322676696442563
2006,8.0,0.0,spider,27.77987670898437,1285.0,8158bffffffffff,1,0.9490519730504742,0.1999686569503212
2007,7.5,-4.0,spider,26.207977294921875,1060.0,81753ffffffffff,1,0.9146079728039423,0.1647077260617458
1994,9.0,-7.0,spider,25.540334065755207,1274.0,81547ffffffffff,1,0.8999783448873704,0.1982447892179909
2011,8.5,-12.5,spider,26.34437561035156,2792.0,8154fffffffffff,1,0.917596779573801,0.43613853627958
1995,6.0,-8.0,spider,25.545318603515625,2039.0,8175bffffffffff,1,0.9000875677920377,0.3181319542391475
2558,33.0,-114.6,raccoon,23.918370564778645,85.0,8129bffffffffff,1,0.8644373231605942,0.0119103588779188
2411,45.32433,-63.26367,raccoon,5.843210856119792,1150.0,812b3ffffffffff,1,0.4683682109187908,0.178812098417176
2474,46.0,-117.0,raccoon,8.223836263020834,435.0,8128bffffffffff,1,0.5205332930917516,0.0667606958157028
2412,44.5,-70.5,raccoon,5.9993947347005205,1058.0,812bbffffffffff,1,0.4717905657490122,0.1643942955649584
2414,48.0,-89.0,raccoon,3.756169637044271,679.0,81277ffffffffff,1,0.422636246378787,0.104999216423758
2426,45.5,-88.5,raccoon,4.972951253255208,753.0,81277ffffffffff,1,0.449298783379439,0.1165961448048895
2430,44.0,-79.0,raccoon,7.4789377848307295,817.0,812bbffffffffff,1,0.5042108216047809,0.1266259207020843
2431,42.7,-76.0,raccoon,6.742329915364583,1002.0,812bbffffffffff,1,0.4880700167857771,0.155618241654913
2473,46.0,-120.5,raccoon,8.332977294921875,309.0,8128bffffffffff,1,0.52292482889619,0.0470145745181006
2732,-13.0,-57.5,anteater,24.488377888997395,1711.0,818bbffffffffff,1,0.8769275195690107,0.2667293527660241
2734,-15.0,-55.5,anteater,23.66099039713541,1295.0,818bbffffffffff,1,0.8587975204617406,0.2015358094342579
2739,-8.0,-51.0,anteater,25.161895751953125,1687.0,81817ffffffffff,1,0.8916858744803692,0.262968186804576
2690,-3.0,-48.0,anteater,26.196919759114586,1749.0,81807ffffffffff,1,0.9143656762786908,0.2726845322049835
2726,-14.0,-55.0,anteater,23.712778727213543,1423.0,818bbffffffffff,1,0.8599323241508449,0.2215953612286475
2730,-13.0,-57.0,anteater,24.423736572265625,1722.0,818bbffffffffff,1,0.8755110768185863,0.2684532204983545
2620,5.0,-69.0,anteater,27.524673461914062,2774.0,81667ffffffffff,1,0.943459871783455,0.4333176618084939
2636,2.0,-56.0,anteater,25.879419962565105,1719.0,815f3ffffffffff,1,0.9074085116072184,0.2679830747531735
2645,5.0,-59.0,anteater,26.315170288085938,1977.0,815f3ffffffffff,1,0.9169568225140058,0.30841560883874
2647,3.0,-54.0,anteater,25.63335673014323,2179.0,815f3ffffffffff,1,0.902016689482737,0.3400720890142611
2536,37.0,-114.0,porcupine,17.962514241536457,173.0,8129bffffffffff,1,0.7339305522878463,0.0257013007365616
2543,36.0,-108.0,porcupine,9.853413899739584,230.0,8148fffffffffff,1,0.5562411583780041,0.0346340698950007
2544,36.5,-104.0,porcupine,9.969940185546877,395.0,8126fffffffffff,1,0.5587945224044597,0.0604920858799561
2454,36.0,-98.0,porcupine,15.476145426432293,789.0,8126fffffffffff,1,0.6794483842087308,0.1222378937470616
2552,35.0,-106.5,porcupine,10.957555135091146,364.0,8148fffffffffff,1,0.5804354806370637,0.0556339131797523
2527,42.0,-119.0,porcupine,9.114359537760416,195.0,8128bffffffffff,1,0.5400467451741586,0.0291490362012223
2460,47.0,-109.0,porcupine,6.182337443033855,401.0,8127bffffffffff,1,0.475799269254187,0.0614323773703181
2553,30.0,-100.0,porcupine,18.161336263020832,652.0,8148bffffffffff,1,0.7382872087607467,0.1007679047171289
2534,34.5,-113.0,porcupine,15.77342732747396,367.0,8129bffffffffff,1,0.6859625274046397,0.0561040589249334
2535,39.0,-109.0,porcupine,7.65191650390625,365.0,8126bffffffffff,1,0.5080011907525647,0.055790628428146
2384,65.6,-154.0,porcupine,-3.869537353515625,423.0,810c3ffffffffff,1,0.2555391337308527,0.0648801128349788
2473,46.0,-120.5,porcupine,8.332977294921875,309.0,8128bffffffffff,1,0.52292482889619,0.0470145745181006
2407,51.8,-127.0,porcupine,3.908732096354168,1782.0,8112bffffffffff,1,0.4259792474252093,0.2778561354019746
2474,46.0,-117.0,porcupine,8.223836263020834,435.0,8128bffffffffff,1,0.5205332930917516,0.0667606958157028
2426,45.5,-88.5,porcupine,4.972951253255208,753.0,81277ffffffffff,1,0.449298783379439,0.1165961448048895
2492,43.5,-122.0,porcupine,5.2421417236328125,763.0,81283ffffffffff,1,0.4551973774911877,0.1181632972888262
2462,53.5,-123.0,porcupine,3.5394439697265625,508.0,8112bffffffffff,1,0.4178872790646328,0.0782009089484406
2463,52.0,-124.0,porcupine,2.4364166259765625,355.0,8112bffffffffff,1,0.3937173647812081,0.0542234759442093
2535,39.0,-109.0,badger,7.65191650390625,365.0,8126bffffffffff,1,0.5080011907525647,0.055790628428146
2536,37.0,-114.0,badger,17.962514241536457,173.0,8129bffffffffff,1,0.7339305522878463,0.0257013007365616
2439,40.0,-103.0,badger,9.747085571289062,395.0,8126bffffffffff,1,0.5539112554983423,0.0604920858799561
2523,36.5,-118.0,badger,15.649703979492188,129.0,8129bffffffffff,1,0.6832514588780778,0.0188058298072402
2531,40.0,-115.0,badger,6.926442464192708,300.0,8129bffffffffff,1,0.4921043542379656,0.0456041372825575
2112,23.4,121.0,badger,11.069793701171877,3120.0,814bbffffffffff,1,0.5828948906751168,0.4875411377527033
2343,36.0,140.0,badger,14.496668497721354,1281.0,812f7ffffffffff,1,0.6579857490857874,0.1993417959567466
2411,45.32433,-63.26367,badger,5.843210856119792,1150.0,812b3ffffffffff,0,0.4683682109187908,0.178812098417176
2281,43.0,47.2,badger,11.213399251302084,386.0,812c7ffffffffff,1,0.5860416248489687,0.0590816486444131
3938,45.6,-122.0,wren,8.067306518554688,1710.0,8128fffffffffff,1,0.5171033595293696,0.2665726375176304
2488,46.96637,-123.90088,wren,10.039688110351562,2025.0,8128fffffffffff,1,0.5603228629061963,0.3159379407616361
2401,58.0,-136.0,wren,3.951761881510417,1900.0,8113bffffffffff,1,0.4269221308675407,0.2963485347124275
2405,51.0,-127.3,wren,8.44482421875,1732.0,8112bffffffffff,1,0.5253756571345906,0.2700203729822912
2464,52.0,-120.0,wren,1.4600372314453125,964.0,8112fffffffffff,1,0.3723226038918795,0.1496630622159536
2466,50.5,-122.8,wren,4.0909983317057295,822.0,8128fffffffffff,1,0.4299731278218935,0.1274094969440526
2472,47.11975,-123.53846,wren,9.940902709960938,1873.0,8128fffffffffff,1,0.5581582432588013,0.2921172230057984
2477,45.5,-124.0,wren,10.183415730794271,2005.0,8128fffffffffff,1,0.5634722719266931,0.3128036357937627
2220,51.5,14.4,wren,9.163619995117188,593.0,811f3ffffffffff,1,0.5411261572473242,0.0915217050619025
